Event_Number,utc_mu,azimuth_start_at_kiso,elevation_start_at_kiso,azimuth_end_at_kiso,elevation_end_at_kiso,ID_tomoe,az_start_tomoe,el_start_tomoe,az_end_tomoe,el_end_tomoe
1000013,2018-04-18T13:18:28.175,232.654002,27.09488,234.874129,26.222579,571311_057,233.25462258345502,26.9123727494208,233.96845022461497,26.638775136956
1000019,2018-04-18T13:28:23.362,232.72604700000002,28.001289,233.466469,25.561245,572211_063,233.06211252887996,27.4075195208826,233.139658667124,27.1437633500897
1000020,2018-04-18T13:29:45.895,232.18951600000003,27.371878999999996,234.81784100000002,26.321669,572311_102,233.00061586637798,27.1297902226156,233.43661619998198,26.9725311757729
1000027,2018-04-18T13:33:10.308,233.419423,28.330595000000002,234.34486800000002,25.890725,572622_107,233.73125781382998,27.6367188801052,233.81272468874198,27.438677189540897
1000035,2018-04-18T13:44:19.598,231.94960899999998,28.453614,234.90375699999998,26.749370000000003,573712_037,233.847682270424,27.4465494643169,234.40964067156602,27.1133910614115
1000040,2018-04-18T13:49:43.170,235.003544,30.912589,237.71737400000004,29.379542999999998,574216_031,236.285868775461,30.247321814115,236.43868499882598,30.1624664537353
1000044,2018-04-18T13:52:28.312,233.986306,28.324440000000003,234.562275,26.044798999999998,574422_084,234.25807903868198,27.554732161806697,234.315218318478,27.346003957778102
1000045,2018-04-18T13:53:24.154,231.908296,27.640798999999998,234.89222999999998,26.114534,574511_068,232.33667588253996,27.5202791339922,232.528216611003,27.424043719288303
1000045,2018-04-18T13:53:24.154,231.908296,27.640798999999998,234.89222999999998,26.114534,574511_069,232.57168131976601,27.401861902538702,232.942524102352,27.2254076415833
1000045,2018-04-18T13:53:24.154,231.908296,27.640798999999998,234.89222999999998,26.114534,574511_070,232.37721405562198,27.505114884112395,232.951333148763,27.226641183568695
1000045,2018-04-18T13:53:24.154,231.908296,27.640798999999998,234.89222999999998,26.114534,574521_069,233.444851088927,26.973758776062798,233.8537152877,26.767909101446598
1000045,2018-04-18T13:53:24.154,231.908296,27.640798999999998,234.89222999999998,26.114534,574521_070,233.900203076384,26.7447527683712,234.04255613570302,26.6727579874605
1000069,2018-04-18T14:24:31.993,231.468125,30.150716999999997,235.29016099999998,29.012353000000004,577414_032,234.109651555239,29.409682707219897,234.514570659229,29.283959342062502
1000081,2018-04-18T14:32:07.881,233.839094,29.970435,235.509698,27.886321000000002,578114_038,234.479135308332,29.3817566800628,234.716326230901,29.093780688610803
1000140,2018-04-18T15:22:26.422,232.516817,27.429261,234.259779,26.230351000000002,580521_059,233.509051413339,26.900389504401698,233.942777087863,26.6195650340314
1000157,2018-04-18T15:40:49.767,231.955558,27.882518,233.99060699999998,27.024865999999996,582211_049,232.33862042703203,27.835863278443398,232.75991682057202,27.6695195738868
1000160,2018-04-18T15:42:15.595,232.546023,28.713125,235.05665299999998,28.866878000000003,582313_095,233.68360533986697,28.8437778449782,233.94121335148103,28.8607599942644
1000159,2018-04-18T15:41:42.869,231.37097999999997,27.311044,233.78564500000002,26.965815000000003,582321_030,233.492884175177,27.028659786914503,233.612065975368,27.0093316967632
1000161,2018-04-18T15:43:17.024,232.394996,28.975602000000002,235.042233,26.202077,582412_092,233.406251106839,28.090718698747803,233.74144834933202,27.7470355256622
1000161,2018-04-18T15:43:17.024,232.394996,28.975602000000002,235.042233,26.202077,582422_091,234.21541037582801,27.2538001717782,234.515150751606,26.936988678267102
1000163,2018-04-18T15:44:33.249,232.966969,26.327601,234.754331,25.867298,582521_118,234.11414938894902,26.158401345115,234.27179128151298,26.118724129999105
1000199,2018-04-18T16:12:21.994,232.358754,29.967166,235.399736,28.945346999999998,584014_111,234.161394632703,29.465226404882003,234.45362619062598,29.3622923534806
1000207,2018-04-18T16:15:30.492,231.506375,30.680096000000002,235.78533,29.208655,584315_111,235.58004234267798,29.4287762796143,235.66374885581,29.3990014743362
1000208,2018-04-18T16:15:43.649,232.240431,28.600098,233.943727,25.589691000000002,584411_011,233.29629980346698,27.167447239481803,233.493581368774,26.813839784747
1000517,2018-04-18T18:12:36.688,233.51915,30.51261,233.91303900000003,28.114521000000003,586013_041,233.998464366279,28.7565776865208,234.053529469159,28.3727746102421
1000517,2018-04-18T18:12:36.688,233.51915,30.51261,233.91303900000003,28.114521000000003,586013_042,233.99715899318298,28.7532359151685,234.042780375569,28.413720123228998
1000535,2018-04-18T18:17:08.836,231.86980899999998,30.48323,234.866119,27.454121,586413_057,233.600039052373,28.948484247344798,233.87336132168,28.661900499847196
1000534,2018-04-18T18:17:03.310,233.639425,29.43385,235.44112400000003,28.35708,586424_046,234.983646059255,28.7644262863517,235.435359514493,28.513545008033
1000565,2018-04-18T18:22:53.708,231.779064,29.879068,234.77489,26.816816999999997,586912_119,234.123116245067,27.6547868384593,234.50330958683602,27.264409386300997
1000579,2018-04-18T18:25:48.073,232.05084100000002,29.148132,234.76114700000002,26.081576000000002,587212_063,233.242490451778,27.9879331358961,233.518301801408,27.6819110414994
1000575,2018-04-18T18:25:28.326,231.347413,29.221512,234.17172799999997,26.2205,587221_025,233.79311972406003,26.846809525780696,233.970662955267,26.651013128397604
1000601,2018-04-18T18:30:21.581,231.67010499999998,30.839208000000003,234.768321,28.658113,587614_081,234.265548641553,29.2293971414212,234.455476180549,29.099641491341895
1000607,2018-04-18T18:32:03.590,232.18577599999998,30.993352,235.558294,28.205801,587814_034,234.554965071492,29.1910192437721,234.93219290185797,28.8695949330929
1000615,2018-04-18T18:34:32.919,231.25071200000002,29.734481,234.406937,27.006808000000003,588012_081,233.791760182812,27.7054968193748,234.154316030888,27.384225130810698
1000622,2018-04-18T18:35:17.878,234.65004,29.403160999999997,234.740758,25.362481,588113_045,234.827007479411,28.128665394491897,234.83516947360297,27.7836684279421
1000622,2018-04-18T18:35:17.878,234.65004,29.403160999999997,234.740758,25.362481,588121_046,234.876830374691,25.984368391544198,234.879551395615,25.9297145520831
1000622,2018-04-18T18:35:17.878,234.65004,29.403160999999997,234.740758,25.362481,588122_045,234.858683740067,26.8295187254873,234.863173744988,26.635056536959098
1000646,2018-04-18T18:38:31.402,233.315225,29.704335999999998,234.364207,27.280951,588413_030,233.979046968655,28.659747734455298,234.122087746129,28.3262822900248
1000656,2018-04-18T18:42:21.565,232.02802999999997,30.313644,235.66738199999998,28.149294,588714_113,235.132772456512,28.584484171774896,235.56092377872002,28.314493635267702
1000663,2018-04-18T18:43:17.232,231.78350299999997,30.841901,235.309021,28.722528999999998,588814_073,234.20580684239602,29.499924742532702,234.501785156906,29.312611101989603
1000663,2018-04-18T18:43:17.232,231.78350299999997,30.841901,235.309021,28.722528999999998,588824_074,235.159333919987,28.8307195977639,235.18721412209598,28.8124256610497
1000664,2018-04-18T18:43:48.915,234.355729,32.22207,235.443958,29.490321,588915_011,235.534079376092,29.7873939435324,235.55085910584998,29.748358544639
1000668,2018-04-18T18:44:55.927,233.817904,29.797625,234.468246,25.911133,589013_019,234.207925763501,28.616821666486697,234.28273659955002,28.179710495201398
1000671,2018-04-18T18:45:33.938,232.34051000000002,30.242966999999997,234.88664300000002,26.988349,589013_095,233.83374958578202,28.581221141704397,233.943258543682,28.440039277018
1000668,2018-04-18T18:44:55.927,233.817904,29.797625,234.468246,25.911133,589022_019,234.42721363100102,27.320917322638003,234.491031790045,26.945221095004502
1000736,2018-04-18T18:57:07.723,231.40273399999998,29.35496,233.36525899999998,26.029126,590111_047,232.582703346734,27.650592833245,232.86777976225602,27.152954804437197
1000744,2018-04-18T18:58:31.198,231.257636,29.231362,233.30929300000003,26.736971,590211_088,232.865567493661,27.4430314830018,233.15927852229598,27.0672004175167
1000758,2018-04-18T19:03:01.155,232.025923,29.602614000000003,234.95582400000004,28.423032,590613_098,233.549481348651,29.0868278942589,233.752100762175,29.0020383025718
1000814,2018-04-18T19:15:27.515,234.928683,31.424753000000003,235.43909,28.346201,591714_054,235.523009761683,28.6995264584733,235.531981674123,28.6391279886227
1001043,2018-04-19T13:03:39.319,231.70372000000003,28.57879,234.90945499999998,26.703674,600612_110,233.70766433584,27.5184992654675,233.903614371174,27.4034046402075
1001063,2018-04-19T13:34:14.226,233.3765,29.41307,233.920402,26.94221,603312_004,233.97714127786801,27.592215311305598,234.036533831325,27.289337665875102
1001087,2018-04-19T14:15:30.816,231.917332,29.919583000000003,234.836333,27.65413,606613_030,233.536245682863,28.8264782387417,233.80404182936698,28.621034726083497
1001087,2018-04-19T14:15:30.816,231.917332,29.919583000000003,234.836333,27.65413,606623_030,234.42880024262797,28.145767655705104,234.715228405731,27.9207719446589
1001090,2018-04-19T14:18:51.357,233.67296299999998,29.35365,235.452138,28.384664,606914_052,234.722595201093,28.8931515180493,234.921472908607,28.7825310301122
1001090,2018-04-19T14:18:51.357,233.67296299999998,29.35365,235.452138,28.384664,606914_053,234.991418787395,28.745892754162195,235.17956454092004,28.640841620844
1001090,2018-04-19T14:18:51.357,233.67296299999998,29.35365,235.452138,28.384664,606914_054,234.99236867607001,28.7350004049359,235.16218812038602,28.6454879324018
1001096,2018-04-19T14:25:51.581,232.31539500000002,26.941285999999998,235.05370499999998,25.962001,607521_115,233.82264574826198,26.5337160255965,234.320048868476,26.3521854827983
1001099,2018-04-19T14:31:50.780,232.232141,28.686981,234.671737,27.092641999999998,608112_049,233.588659892856,27.9178064769442,233.647480056338,27.880962919801604
1001099,2018-04-19T14:31:50.780,232.232141,28.686981,234.671737,27.092641999999998,608112_050,233.710832569967,27.8406141419347,234.071922899851,27.603974472252304
1001101,2018-04-19T14:33:28.221,231.95945899999998,27.579041999999998,234.735458,26.482091999999998,608211_119,233.260189776879,27.193312052281104,233.454441461495,27.116132582965697
1001104,2018-04-19T14:35:46.072,232.652196,30.934271999999996,233.320059,28.107678999999997,608412_118,233.343389700846,28.296300705687898,233.35157695206797,28.254392218772896
1001108,2018-04-19T14:44:39.944,232.41051299999998,27.918389,234.787998,25.822798000000002,609321_024,233.99261013167802,26.6914152815255,234.290420703602,26.4277396759027
1001113,2018-04-19T14:48:40.228,232.68658100000002,27.191696000000004,235.03092,26.314954999999998,609621_102,233.50341421165797,26.9812802766854,233.75005667328202,26.891023136279998
1001117,2018-04-19T14:55:12.193,232.023616,28.295571999999996,232.88813,25.757967999999998,610211_108,232.274469504758,27.8015119900382,232.32659190639703,27.651811181838603
1001125,2018-04-19T15:03:40.570,233.23640899999998,26.565364000000002,234.824573,25.760417999999998,611021_093,233.84738364734199,26.3740533257027,233.997008768987,26.2963578722943
1001132,2018-04-19T15:10:15.081,233.11532200000002,28.847515,235.465595,27.231051,611623_104,234.89398349043898,27.7902003961206,235.216348838541,27.5549549653207
1001157,2018-04-19T15:29:04.434,232.09798199999997,28.92316,234.250656,25.209757,613421_021,233.63923048067997,26.727219424137303,233.817224427733,26.4285147425245
1001173,2018-04-19T15:41:36.267,233.105356,30.643419,233.375192,27.595492999999998,614512_090,233.450044462872,27.975365885692202,233.46938308054698,27.7737818996941
1001173,2018-04-19T15:41:36.267,233.105356,30.643419,233.375192,27.595492999999998,614512_091,233.426669382007,28.2132333066206,233.44119417913998,28.046835185731002
1001179,2018-04-19T15:43:34.561,232.01706800000002,27.703713,235.331456,26.414652,614711_075,233.04244020164398,27.434976527916103,233.12729658057899,27.400944584904398
1001179,2018-04-19T15:43:34.561,232.01706800000002,27.703713,235.331456,26.414652,614722_075,234.73238370397004,26.7455658587471,234.84416934154498,26.6990705870355
1001190,2018-04-19T15:54:44.257,231.05665499999998,28.390138,233.944917,26.254817,615711_103,232.491065367436,27.489884362291196,232.88081742539399,27.203312010391397
1001190,2018-04-19T15:54:44.257,231.05665499999998,28.390138,233.944917,26.254817,615721_103,233.53360098213798,26.710192990095,233.747577426361,26.547460622295198
1001192,2018-04-19T15:56:40.196,231.817973,28.131081,234.34989,25.491876,615911_083,232.90902516481003,27.2269307087044,233.195011524955,26.934957531246802
1001201,2018-04-19T16:03:26.992,232.031781,29.484489,233.00267599999998,26.757865999999996,616511_115,232.89947673303902,27.2557628743774,232.960489475859,27.074967036353197
1001210,2018-04-19T16:09:59.441,231.82205699999997,28.402251,234.70968,27.361392,617112_118,233.611123153166,27.916086209145003,234.010818101898,27.777365360418898
1001214,2018-04-19T16:14:46.646,231.43290299999998,28.765783000000003,235.347851,27.073940000000004,617612_038,233.319414095441,28.049050554172602,233.892598710266,27.8047258373074
1001226,2018-04-19T16:25:20.452,231.229544,28.463078000000003,233.565315,28.036859000000003,618612_002,232.928721426328,28.144723200778,233.45137686016201,28.043185881754603
1001242,2018-04-19T16:35:16.625,232.709477,30.116671000000004,235.68785099999997,28.343187,619514_036,234.7145519071,29.031536683481196,235.236522185807,28.729754520092396
1001245,2018-04-19T16:35:45.987,234.079572,29.310662,235.638309,28.447325,619514_094,234.72040013402,29.0961843228377,234.877797162631,29.012213209966802
1001245,2018-04-19T16:35:45.987,234.079572,29.310662,235.638309,28.447325,619514_095,234.967384081615,28.9610219370166,235.279373968444,28.7903482635529
1001253,2018-04-19T16:38:55.892,231.835354,27.887266999999998,233.75691099999997,26.379224,619811_071,232.229121539394,27.7186281547428,232.673043029827,27.3653892722408
1001254,2018-04-19T16:39:08.669,231.819057,29.700378999999998,234.830802,27.664108000000002,619813_097,233.674511485908,28.644517272315102,233.843905563876,28.5338229924477
1001253,2018-04-19T16:38:55.892,231.835354,27.887266999999998,233.75691099999997,26.379224,619821_071,233.132670840644,26.995331958764602,233.58269683633202,26.630652882639104
1001254,2018-04-19T16:39:08.669,231.819057,29.700378999999998,234.830802,27.664108000000002,619823_097,234.395571627629,28.16891339418,234.81488321250802,27.8890173399822
1001258,2018-04-19T16:40:15.399,231.45709300000001,29.874659,235.03219700000002,26.708249,619922_106,234.499936651864,27.3832262497459,234.61506340538398,27.279627923338598
1001268,2018-04-19T16:43:54.976,232.35255299999997,27.562878,235.277373,26.935397,620312_040,234.18134977348498,27.1887384701052,234.377759016679,27.146374718143502
1001287,2018-04-19T16:55:08.914,231.226928,28.890152,235.44287799999998,28.160728999999996,621313_079,234.242694213153,28.462126168222,234.53202098594602,28.4103702673953
1001296,2018-04-19T16:58:44.357,233.091472,30.001065000000004,235.022602,27.319707,621623_107,234.45408082495499,28.3249332662418,234.80023988708302,27.8524626686173
1001308,2018-04-19T17:05:23.433,231.59771800000001,30.472107,235.60154900000003,28.011996000000003,622314_002,234.362056682963,28.894915372666002,234.752892293787,28.643840411614498
1001315,2018-04-19T17:07:51.262,233.54708300000001,28.048617999999998,233.750417,25.095016,622512_046,233.76995618786898,27.3983967852993,233.795040047031,26.983972101242
1001316,2018-04-19T17:08:21.626,232.37540800000002,26.92447,234.41020600000002,27.420439000000002,622512_107,233.552009956922,27.2778861240868,233.84139382937,27.349827916201402
1001315,2018-04-19T17:07:51.262,233.54708300000001,28.048617999999998,233.750417,25.095016,622521_046,233.842906842557,26.1378620378271,233.860241132634,25.836093997988
1001322,2018-04-19T17:11:37.262,233.203271,26.608481,235.13983399999998,25.032577,622821_094,233.259403761333,26.666623815049,233.71409114535,26.309175580614802
1001322,2018-04-19T17:11:37.262,233.203271,26.608481,235.13983399999998,25.032577,622831_094,234.162111071148,25.949660728558502,234.60982602377499,25.5874594477028
1001322,2018-04-19T17:11:37.262,233.203271,26.608481,235.13983399999998,25.032577,622841_094,235.00997093382003,25.261400922420602,235.138589964999,25.153579500103397
1001325,2018-04-19T17:13:08.575,233.18804599999999,29.920472999999998,234.171931,26.477362,623013_025,233.88883501543702,28.196489694983804,233.96227941047502,27.9296497761405
1001325,2018-04-19T17:13:08.575,233.18804599999999,29.920472999999998,234.171931,26.477362,623022_025,234.242340613669,26.9179854955756,234.340306906321,26.5594409443537
1001333,2018-04-19T17:15:50.241,234.130934,30.405822999999998,234.46266200000002,26.297522999999998,623213_097,234.44187441455003,27.703459490964104,234.45735175613999,27.499966303933395
1001333,2018-04-19T17:15:50.241,234.130934,30.405822999999998,234.46266200000002,26.297522999999998,623222_097,234.53595236160498,26.4524766607305,234.540985952533,26.3784602443228
1001352,2018-04-19T17:20:19.463,231.45072400000004,30.191767,235.49082400000003,27.773982,623614_101,234.437901444441,28.592153315082,234.888840827253,28.3213333195653
1001355,2018-04-19T17:21:11.670,233.32221800000002,28.914839,235.137419,27.054088,623713_080,234.32273212288501,28.0441741132818,234.664089346496,27.707126346191696
1001369,2018-04-19T17:25:27.447,232.10271699999998,27.457833,234.42296499999998,24.841194,624111_061,232.518054735907,27.1592009075989,232.83641660787004,26.820136677153897
1001369,2018-04-19T17:25:27.447,232.10271699999998,27.457833,234.42296499999998,24.841194,624121_061,233.272079423977,26.347162054443803,233.470833638121,26.1289808376542
1001381,2018-04-19T17:29:02.010,234.199698,28.913420000000002,234.89906200000001,26.064841,624413_113,234.608955983842,27.631070027985,234.66938049237004,27.373323854598603
1001386,2018-04-19T17:30:53.740,232.379918,29.00072,234.956648,27.173221,624613_060,233.59170476521703,28.2926089445962,233.79295058466099,28.153820390647102
1001386,2018-04-19T17:30:53.740,232.379918,29.00072,234.956648,27.173221,624623_060,234.367909426936,27.755129461802397,234.578543943086,27.606289214029196
1001388,2018-04-19T17:31:47.285,233.203064,28.844501,234.719243,24.85303,624713_041,233.559631015859,28.287527932771102,233.61182539095,28.1590260035589
1001391,2018-04-19T17:33:05.426,233.617577,26.914784,235.446335,26.115164,624822_072,234.14589642287999,26.789255718592802,234.709534093455,26.5387626483072
1001394,2018-04-19T17:34:09.121,232.741598,27.727277,234.05622799999998,27.195217,624912_074,233.57299288391602,27.494443522709602,233.78186340022003,27.405020733955602
1001428,2018-04-19T17:43:42.798,232.81228900000002,28.833122999999997,233.543394,25.047560999999998,625812_034,233.206375116915,27.6628389332658,233.256864664173,27.4325294985605
1001428,2018-04-19T17:43:42.798,232.81228900000002,28.833122999999997,233.543394,25.047560999999998,625812_035,233.162894445771,27.8808242184476,233.194957075914,27.7116164407863
1001428,2018-04-19T17:43:42.798,232.81228900000002,28.833122999999997,233.543394,25.047560999999998,625812_036,233.16642345631,27.8641337471071,233.20830395146,27.6647447718933
1001428,2018-04-19T17:43:42.798,232.81228900000002,28.833122999999997,233.543394,25.047560999999998,625821_034,233.49797259772097,26.255993964829003,233.53302374367402,26.090864182790497
1001428,2018-04-19T17:43:42.798,232.81228900000002,28.833122999999997,233.543394,25.047560999999998,625821_035,233.42964372204602,26.587325677705802,233.489025730791,26.307197027403397
1001428,2018-04-19T17:43:42.798,232.81228900000002,28.833122999999997,233.543394,25.047560999999998,625821_036,233.437078510544,26.595236736545,233.531423714439,26.150144201644
1001429,2018-04-19T17:43:58.239,234.252352,29.046267999999998,234.93781800000002,26.762729999999998,625823_066,234.835771091017,27.605646798162798,234.88758258719201,27.437992925725002
1001433,2018-04-19T17:45:21.762,231.732097,28.32866,233.601929,24.690038,625911_106,232.62516328872502,26.8921701982579,232.708764496576,26.7351124028506
1001433,2018-04-19T17:45:21.762,231.732097,28.32866,233.601929,24.690038,625911_107,232.480813967113,27.168940800215502,232.59947597764702,26.946845855492896
1001435,2018-04-19T17:46:21.550,231.39218799999998,30.876203999999998,235.682379,28.783254,626015_100,235.027196420657,29.266344744466,235.57249143162602,28.985611146956803
1001442,2018-04-19T17:48:30.771,231.680557,30.336716999999997,235.447537,27.804040999999998,626214_106,234.902917178753,28.3439199464617,235.213248816855,28.133909910464002
1001449,2018-04-19T17:51:50.336,231.40503700000002,29.553402000000002,234.054347,26.049904,626512_103,233.01487512585098,27.672492473508502,233.22207757896498,27.400070249408003
1001486,2018-04-19T18:04:41.684,233.174173,27.501440999999996,234.584137,27.593363,627712_085,233.396638217532,27.578221012716604,233.533264172074,27.5863211400803
1001487,2018-04-19T18:04:43.659,231.43639199999998,28.51228,234.48410299999998,26.758025,627712_089,233.309025993008,27.5495803097812,233.575600654013,27.397777793677502
1001485,2018-04-19T18:04:09.917,233.36043999999998,30.751715,235.843338,28.708839,627715_021,234.95834349264098,29.6091654410668,235.25440283927898,29.361361184284
1001514,2018-04-19T18:10:08.985,235.190465,28.857263,236.289935,28.562942,628225_083,235.50458707997998,28.8496313760878,235.97179362563,28.7101385138006
1001514,2018-04-19T18:10:08.985,235.190465,28.857263,236.289935,28.562942,628225_084,236.02010920194098,28.697851214127198,236.143437036055,28.6596440124793
1001517,2018-04-19T18:10:52.050,232.59444900000003,30.414034,235.051569,27.010684,628323_044,234.75354019425498,27.700869494065397,235.05556377518502,27.266450608432603
1001545,2018-04-19T18:16:53.340,231.752875,28.832484,233.864058,26.915359000000002,628812_112,232.87826278487998,27.931013980904304,233.305585203256,27.5406080361193
1001542,2018-04-19T18:16:23.659,232.51970899999998,29.617538,235.722321,29.347002000000003,628815_052,234.69641031162,29.4484823366878,234.724835542315,29.4464168289254
1001542,2018-04-19T18:16:23.659,232.51970899999998,29.617538,235.722321,29.347002000000003,628815_053,234.77067742571498,29.4411925990699,235.218339179477,29.4018338849883
1001548,2018-04-19T18:17:07.920,233.108948,29.061071000000002,234.19725899999997,25.541101,628913_015,233.56165359621497,28.287396554809,233.599861277434,28.165126990721898
1001548,2018-04-19T18:17:07.920,233.108948,29.061071000000002,234.19725899999997,25.541101,628922_016,233.954626351208,27.0449795458956,234.020102562267,26.8318062144643
1001557,2018-04-19T18:18:55.884,230.979597,29.660338,234.776802,27.456522999999997,629013_106,234.13959052093898,27.973141630424198,234.327399479487,27.861496199168002
1001555,2018-04-19T18:18:47.754,232.29508399999997,30.519357,235.31559900000002,27.946642999999998,629014_090,234.50481236740399,28.7566580354328,234.865838811006,28.4367988511528
1001568,2018-04-19T18:23:21.796,232.19239199999998,29.965557,235.40749,27.839493,629414_109,234.027786866301,28.888338679726896,234.38654629542003,28.6462675189142
1001575,2018-04-19T18:24:13.463,231.370486,28.268558000000002,234.48473900000002,27.316744,629512_087,233.10165233041698,27.8205444896343,233.313225531693,27.7544181546681
1001581,2018-04-19T18:24:55.352,232.338139,29.951546999999998,235.50692400000003,27.928219,629614_045,234.462405140115,28.731921437379103,234.961461819787,28.409563130275696
1001619,2018-04-19T18:35:35.698,232.84196,26.877909999999996,234.14890400000002,26.028646,630611_026,233.67258319617,26.3959361152922,233.79359292523898,26.320260482466
1002000,2018-04-20T13:24:30.432,233.129157,28.929000000000002,234.470415,26.207564,640812_080,234.110597917718,27.1294037460749,234.22897257341202,26.8901511674296
1002000,2018-04-20T13:24:30.432,233.129157,28.929000000000002,234.470415,26.207564,640822_080,234.45774162666802,26.4272625991463,234.49105464296798,26.361726397438503
1002008,2018-04-20T13:35:15.024,231.91124100000002,27.332039,234.16496600000002,26.238567,641811_058,232.703926413947,26.989919485156197,233.285837079201,26.7212168079916
1002007,2018-04-20T13:34:58.394,234.215685,26.953529999999997,234.426568,25.170787,641822_024,234.310578428013,26.839567124783002,234.338732620628,26.6499457438051
1002026,2018-04-20T13:53:25.860,232.124925,27.421905,233.23817400000001,26.403494,643511_028,232.50664161512,27.178151870242896,232.93974001896598,26.7958034863414
1002051,2018-04-20T14:26:03.827,232.193794,27.075313,233.062086,26.41034,646511_040,232.388168487393,27.0458839404118,232.85211199125197,26.696826357251897
1002083,2018-04-20T15:05:00.948,232.71816299999998,26.630004,234.647192,26.134587,650121_026,233.493784970566,26.4156645488207,233.74828209043,26.3549964833017
1002084,2018-04-20T15:05:47.997,233.54284199999998,26.753915999999997,234.70887599999998,24.855368,650131_120,234.257693542136,25.7172648836918,234.445926486504,25.4106414458387
1002085,2018-04-20T15:06:13.481,233.38314300000002,27.581202,235.132304,25.987415,650222_045,234.255974110112,26.913250085197397,234.67857586122298,26.5228578826078
1002104,2018-04-20T15:15:56.909,232.96613100000002,29.08932,235.222673,27.176432000000002,651113_055,234.672607612027,27.7793387339872,235.11275601119,27.402973510997402
1002107,2018-04-20T15:20:47.902,232.93364,28.988248,234.76868599999997,27.504434000000003,651513_111,234.20434262921,28.100386835075998,234.673175356031,27.750436754211897
1002114,2018-04-20T15:22:34.643,232.848055,26.418238,235.059128,25.44661,651711_072,233.356322930173,26.284210557946,233.786012342052,26.1023715647463
1002126,2018-04-20T15:31:14.223,233.629335,31.077682,234.44652599999998,28.410114,652514_054,234.494873180742,28.6162626283316,234.524085440898,28.525656031956895
1002126,2018-04-20T15:31:14.223,233.629335,31.077682,234.44652599999998,28.410114,652514_055,234.358433213011,29.0592343675968,234.46994255189898,28.691170912979302
1002128,2018-04-20T15:33:19.441,233.21707400000003,28.19244,234.03725699999998,25.968251000000002,652712_053,233.621014769978,27.3378955178618,233.744160384872,27.0218335864467
1002129,2018-04-20T15:34:06.934,232.547553,30.942247,235.95780499999998,28.540269,652815_023,235.495596029072,28.9730617506777,235.97421996002103,28.629093849685102
1002133,2018-04-20T15:38:03.255,232.891427,29.888429,235.333066,28.282309,653114_095,234.351514810514,29.053022670632302,234.71052512445,28.8097877564705
1002133,2018-04-20T15:38:03.255,232.891427,29.888429,235.333066,28.282309,653114_096,234.772618702982,28.7710275018011,234.879886468456,28.6977877070548
1002142,2018-04-20T15:47:00.872,231.592252,27.507222,234.23925499999999,25.513526000000002,654011_014,233.058918720621,26.5468835726052,233.52213756217998,26.1986999236993
1002151,2018-04-20T15:51:54.105,231.872823,28.935202,235.254977,27.356379999999998,654413_072,234.07343646033502,28.015872976182298,234.292398210616,27.9152702418646
1002152,2018-04-20T15:52:45.432,232.600031,26.745346,234.75128700000002,25.501534,654511_048,232.831160224709,26.6849697837134,233.307386602259,26.430171419873098
1002152,2018-04-20T15:52:45.432,232.600031,26.745346,234.75128700000002,25.501534,654521_049,233.856879244583,26.134527667031602,234.27898145477798,25.9046638772168
1002160,2018-04-20T15:57:28.684,233.510821,30.405048999999998,233.847121,27.865202000000004,654913_084,233.84746356575198,28.294823844131898,233.88954731086798,28.036730122862895
1002163,2018-04-20T15:58:35.958,234.21860299999997,29.835154,234.38294900000002,26.704875,655013_093,234.345882383099,28.0201527009551,234.357180717474,27.8520666049515
1002169,2018-04-20T16:04:07.224,232.849405,27.544321000000004,234.93197,25.995803,655512_102,233.236525922835,27.3869216312869,233.398324672075,27.2696915956913
1002169,2018-04-20T16:04:07.224,232.849405,27.544321000000004,234.93197,25.995803,655522_102,233.88086803725,26.921562883251198,234.29434767133702,26.6202893067929
1002172,2018-04-20T16:05:30.372,231.93465600000002,30.338387,235.797273,29.107637,655715_017,235.369137407349,29.291631563434102,235.60612999568298,29.205350385876798
1002176,2018-04-20T16:11:45.103,232.10135899999997,26.817023,234.473165,25.835385000000002,656221_113,233.600808750305,26.3065863356038,233.902696649181,26.174161079645298
1002176,2018-04-20T16:11:45.103,232.10135899999997,26.817023,234.473165,25.835385000000002,656221_114,233.987912484644,26.140990607941603,234.111338968116,26.0867311391954
1002195,2018-04-20T16:18:04.280,232.951004,26.855578,234.224262,25.552767000000003,656821_092,233.624576517838,26.272350563150397,234.030574354025,25.866849002595302
1002200,2018-04-20T16:19:59.483,232.614,28.416161,233.333739,25.787329999999997,657011_071,233.18650175771702,26.618082214615,233.26256524490898,26.3340019408454
1002204,2018-04-20T16:20:42.170,233.20913900000002,27.209196999999996,234.86807000000002,26.095758,657112_030,233.942124514073,26.8324926853096,234.270656676904,26.625644410395605
1002216,2018-04-20T16:29:12.462,233.904095,31.054346000000002,235.394061,28.455170000000003,657815_118,234.702390992985,29.7855124478643,235.024592383831,29.2272678489993
1002221,2018-04-20T16:32:05.404,230.95117599999998,30.008014000000003,234.358721,27.475177000000002,658113_087,234.033705533117,27.8891030866739,234.419819683707,27.5968824013211
1002226,2018-04-20T16:36:47.885,231.131486,29.748957,234.38189100000002,27.614813,658513_118,233.59804971060902,28.2541860236556,234.013951478599,27.9706277207911
1002230,2018-04-20T16:38:41.088,232.537017,31.153257,235.66738900000001,28.773715000000003,658715_093,235.400920026962,29.1477150395,235.703218948091,28.9077159931844
1002250,2018-04-20T16:52:30.400,233.271326,27.11928,233.652323,24.433263,660011_062,233.443060475983,26.5891558829428,233.48046588115898,26.346065838062803
1002255,2018-04-20T16:54:35.194,231.638056,30.308701,234.24444900000003,27.719122,660213_035,233.541972172152,28.5843997946167,233.765945368233,28.368189133237802
1002259,2018-04-20T16:55:39.076,231.73870699999998,29.128045,233.95150800000002,26.615643,660312_037,233.105685108517,27.7499293829397,233.381777160012,27.447069345237605
1002273,2018-04-20T16:59:48.489,233.322821,28.317266999999998,234.18824700000002,26.173085999999998,660712_033,233.967039144597,27.047220342038898,234.093573213022,26.7360716418454
1002278,2018-04-20T17:02:01.772,231.654818,27.167037,235.17920499999997,26.699887,660911_023,232.48026531878398,27.0696602459439,232.689522800033,27.043434686587
1002280,2018-04-20T17:02:59.757,233.22914900000004,27.839667,233.360512,25.659387,661012_013,233.372418246986,27.6080311625655,233.39597430773398,27.330768376273102
1002286,2018-04-20T17:05:01.884,234.645921,29.077847,235.234007,26.725054999999998,661214_005,234.995565029931,28.222456734742398,235.021883622046,28.1295016064487
1002286,2018-04-20T17:05:01.884,234.645921,29.077847,235.234007,26.725054999999998,661214_006,234.935345303437,28.459923059216102,234.987347336682,28.253743290332103
1002286,2018-04-20T17:05:01.884,234.645921,29.077847,235.234007,26.725054999999998,661223_006,235.272856767464,27.173534701136397,235.369505847285,26.7956483529983
1002309,2018-04-20T17:16:30.571,231.731757,29.277860999999998,234.920406,26.06956,662222_072,234.26415851287,26.895536625100103,234.662258409553,26.4802844589703
1002311,2018-04-20T17:17:04.678,234.80911400000002,29.409892,236.966605,27.241372,662315_014,235.265996185283,29.116074773417395,235.67376559865397,28.703119482487
1002325,2018-04-20T17:21:57.918,233.08271200000001,28.842636,233.069831,27.041577,662712_069,233.140691364277,27.837037629337395,233.142480954441,27.657553466033697
1002348,2018-04-20T17:33:57.836,233.31503500000002,26.498839,234.972048,25.143664,663831_077,234.154762182984,25.954030886769,234.60940648877602,25.598605734539102
1002351,2018-04-20T17:35:15.761,233.64552700000002,30.272515999999996,234.349277,27.770999,663913_107,234.279625702012,28.1069215047551,234.28820360597499,28.073984901624797
1002352,2018-04-20T17:35:43.195,230.865127,29.963801,235.24802999999997,28.603609999999996,664014_036,234.52668140398998,28.8635968781097,234.739556830567,28.794862430338103
1002376,2018-04-20T17:46:45.038,232.949714,30.579545,235.754229,28.611096999999997,665015_050,234.725411760978,29.418161472739897,234.986130305587,29.236256608066302
1002398,2018-04-20T17:52:20.881,231.50943700000002,29.98395,235.34624,27.064135999999998,665513_094,234.682796495144,27.7373501518464,235.05486318111198,27.452141236933198
1002406,2018-04-20T17:53:30.987,231.866287,28.152075,233.89392,25.047604,665611_082,232.535130033017,27.2950133572192,232.76869565725,26.9487297969233
1002403,2018-04-20T17:53:13.334,233.409584,27.995575,235.02196600000002,28.192532,665613_046,233.747513331295,28.045366980803898,233.88704334142201,28.065588138462
1002406,2018-04-20T17:53:30.987,231.866287,28.152075,233.89392,25.047604,665621_082,233.052184798599,26.5193172419732,233.14692450062302,26.375163883411897
1002401,2018-04-20T17:53:08.037,232.797227,28.632848,234.28236299999998,26.285478,665622_036,233.83519565018298,27.195902174008104,234.077230001874,26.8211319838346
1002412,2018-04-20T17:54:43.253,231.411792,29.622004999999998,233.966848,26.241626,665712_101,233.00758277102798,27.6457650745353,233.152885691228,27.451230628527004
1002420,2018-04-20T17:56:18.294,232.27820899999998,28.475070000000002,234.264416,26.525149,665912_039,233.465465801356,27.3824316565096,233.885843369776,26.946974890599602
1002420,2018-04-20T17:56:18.294,232.27820899999998,28.475070000000002,234.264416,26.525149,665922_039,234.239345136159,26.5787752878269,234.26166022916402,26.5554955224464
1002428,2018-04-20T17:59:26.287,231.872413,28.904931,232.20475499999998,25.385781,666211_013,232.168522116585,27.2359456040744,232.17966090112998,27.145243618006702
1002431,2018-04-20T18:01:27.986,232.935981,30.302445000000002,235.803304,28.698822999999997,666415_005,235.015315098619,29.2415832905649,235.38302857192298,29.025418921928395
1002460,2018-04-20T18:06:05.959,232.54664,27.873862,234.12577400000004,27.383601000000002,666812_030,232.853920372737,27.850685801999802,233.34367273829497,27.6848405609752
1002462,2018-04-20T18:07:03.454,231.309713,28.507052,233.812316,27.113991,666912_019,232.996977277157,27.6414946010889,233.517736566637,27.346823188330898
1002464,2018-04-20T18:07:18.995,232.29260499999998,30.033021,235.91582999999997,28.957061,666915_050,234.900818917089,29.3220916271307,235.37116271061,29.185384385925698
1002466,2018-04-20T18:07:32.330,232.761389,33.425763,235.83571400000002,29.605417,666916_077,235.509196796933,30.167233820891102,235.860141242343,29.718503770336
1002612,2018-04-20T18:41:09.357,233.865298,29.731759000000004,234.414832,25.218372,670013_079,234.135481709813,28.122953045329698,234.165721835488,27.87326632016
1002612,2018-04-20T18:41:09.357,233.865298,29.731759000000004,234.414832,25.218372,670022_079,234.29130211507302,26.7865662487184,234.322959825641,26.530204325367
1002638,2018-04-20T18:45:46.900,231.63413300000002,29.510921999999997,234.29834,26.509937,670412_109,233.296339914342,27.769564122337602,233.42593871276,27.619639667076697
1002638,2018-04-20T18:45:46.900,231.63413300000002,29.510921999999997,234.29834,26.509937,670422_108,233.785758105106,27.2039077301021,234.13519719891602,26.7973056643543
1002642,2018-04-20T18:46:46.754,232.13640099999998,28.675684000000004,234.974273,26.269283,670512_103,233.498413314111,27.6201010918993,233.67092626582402,27.473381962416898
1002642,2018-04-20T18:46:46.754,232.13640099999998,28.675684000000004,234.974273,26.269283,670522_103,234.090566795601,27.1179182925286,234.52934463113,26.7432338256557
1002646,2018-04-20T18:47:32.515,232.44645899999998,31.981913,236.036136,29.939747999999998,670616_068,235.79770945494099,30.1048284006898,235.87019421677996,30.0620699700785
1002652,2018-04-20T18:48:37.763,233.017375,29.903031,235.48767,27.6994,670714_072,234.64752444090598,28.581400317837,235.099021116844,28.192755846434398
1002688,2018-04-20T18:57:11.234,232.80091800000002,28.988187,234.481248,25.639044000000002,671512_066,233.850935178497,27.000834129833603,233.956890876279,26.787870111038497
1002704,2018-04-20T18:59:55.334,233.00424500000003,30.465320000000002,235.117614,27.071968,671714_117,234.10365595157901,28.84573610897,234.158683913796,28.760582604719
1002715,2018-04-20T19:03:12.468,233.29570099999998,26.699935999999997,234.243433,26.844679,672112_008,234.040367469791,26.732068680534397,234.22423633879902,26.7577085367102
1002724,2018-04-20T19:04:49.628,231.892575,30.249458,234.57248399999997,27.388340999999997,672223_051,234.341816306925,27.767540621093502,234.510074015605,27.5868148701114
1002727,2018-04-20T19:05:11.568,234.36351499999998,26.183258,235.00211000000002,26.029754999999998,672232_094,234.75925711378997,26.151960493435997,235.002513694325,26.098727154237498
1003080,2018-04-21T14:21:01.899,232.182533,28.620982,235.274727,27.110639000000003,681613_120,234.448019971968,27.6516691083283,234.701898829044,27.5303090049686
1003084,2018-04-21T14:22:10.255,232.606358,28.663758,233.81969500000002,27.970423999999998,681713_106,233.361703694112,28.343565451359,233.85254601907698,28.038606121342102
1003087,2018-04-21T14:24:47.379,232.966836,26.630088,233.500414,25.386976999999998,682011_042,233.148181559954,26.442418300391502,233.189449393734,26.343667292259802
1003094,2018-04-21T14:28:31.114,232.55947200000003,29.726196,233.28893100000002,27.649583000000003,682312_088,233.255809006954,27.783378561825398,233.299274040194,27.6566327274401
1003118,2018-04-21T14:46:19.530,232.06027799999998,25.807463000000002,235.07797599999998,25.538442,684021_035,234.218742274964,25.613819868798497,234.741062837198,25.564370430384997
1003120,2018-04-21T14:49:33.120,232.838548,30.414632,233.854246,27.393427000000003,684313_021,233.74648309946,28.144036879908104,233.794615678416,28.012087366216
1003144,2018-04-21T15:15:59.653,233.619601,29.617278999999996,234.244596,26.5544,686713_068,234.017777056854,27.988984306581504,234.05596922173402,27.807354881002198
1003144,2018-04-21T15:15:59.653,233.619601,29.617278999999996,234.244596,26.5544,686713_069,233.94879696183497,28.3402572645935,234.00988712718998,28.0208990461303
1003144,2018-04-21T15:15:59.653,233.619601,29.617278999999996,234.244596,26.5544,686722_069,234.221051842888,26.980222888385402,234.303970364302,26.5674792432721
1003146,2018-04-21T15:18:20.689,232.166277,26.692152,235.016599,24.996707999999998,686921_099,234.006430321684,25.706881787607198,234.448193627789,25.440201069092303
1003159,2018-04-21T15:28:42.293,231.85615099999998,28.915589,234.500094,28.132635999999998,687913_033,233.949855567784,28.334131423911902,234.040928144182,28.3051752213026
1003160,2018-04-21T15:28:56.935,232.583517,29.589961,234.52442000000002,26.524696000000002,687922_063,234.352107451786,26.985144499987197,234.489350210121,26.765047026908803
1003188,2018-04-21T15:50:48.309,232.450134,26.765559000000003,234.94752200000002,25.720066,689911_093,233.015168287671,26.602071990128003,233.71828452675098,26.320765303329
1003189,2018-04-21T15:50:58.901,233.606647,29.724422999999998,235.857159,26.894648999999998,689914_114,234.761686308988,28.3544692229256,234.828144160632,28.271306035423198
1003191,2018-04-21T15:51:55.679,233.984372,28.129540000000002,234.54286800000003,25.528918,690012_102,234.24260245743199,27.072733538565803,234.341526148621,26.5580019857548
1003190,2018-04-21T15:51:26.660,232.033485,31.009721000000003,235.297042,27.993640000000003,690014_044,235.12990072951197,28.3257204835354,235.32808130842002,28.134014855012698
1003194,2018-04-21T15:54:22.350,232.83670899999998,28.532312,233.91489900000002,25.241734,690212_116,233.08495191485198,27.855529434947602,233.21689425891398,27.446280637943698
1003194,2018-04-21T15:54:22.350,232.83670899999998,28.532312,233.91489900000002,25.241734,690221_116,233.505573522576,26.540051361735703,233.669090890123,26.0160358523658
1003199,2018-04-21T15:57:40.601,233.360694,27.140962,233.70490299999997,24.529911,690611_009,233.63856465139702,26.303241645096396,233.68830200662998,25.9526730725052
1003218,2018-04-21T16:12:48.206,232.275641,28.334678000000004,234.763004,27.726865000000004,691913_111,233.66098434935,28.1159224325222,233.884401838829,28.062233361008396
1003229,2018-04-21T16:21:02.508,232.508173,27.015849,234.640679,25.379125,692711_069,232.641268277048,27.008356894851104,233.209523847427,26.585953110591603
1003227,2018-04-21T16:20:55.126,232.51106299999998,29.324778000000002,235.61872000000002,28.012106,692714_054,234.48363967441102,28.546419035085002,234.960600515485,28.343084422701896
1003237,2018-04-21T16:25:51.117,234.97589,29.683681,235.57246400000002,27.591292,693124_119,235.361223406566,28.3381327390922,235.45408695616797,28.0438952888569
1003240,2018-04-21T16:27:26.330,233.73585400000002,26.662702000000003,235.154746,25.886279000000002,693332_057,234.96424983973802,26.096668493174402,235.189060370387,25.985366476289002
1003251,2018-04-21T16:32:00.778,233.49573700000002,28.26332,234.69006800000002,27.15318,693723_077,234.19638112555302,27.7299231327735,234.42510475577302,27.520043690980202
1003253,2018-04-21T16:32:44.754,232.34249599999998,26.893631,234.124688,26.077479999999998,693811_039,232.554872066944,26.8468119222155,232.916964546758,26.677446065928503
1003253,2018-04-21T16:32:44.754,232.34249599999998,26.893631,234.124688,26.077479999999998,693821_040,233.34838584314,26.480264609241,234.017169778157,26.162740079183504
1003258,2018-04-21T16:35:37.587,234.85331800000003,28.835855,235.04630600000002,27.13035,694114_007,235.07266145264802,28.280574454085198,235.099564035555,28.050416051838397
1003258,2018-04-21T16:35:37.587,234.85331800000003,28.835855,235.04630600000002,27.13035,694114_008,235.03207924119098,28.5974837492407,235.06662371322201,28.3141608031496
1003266,2018-04-21T16:38:21.146,234.98850099999999,30.499259999999996,236.693269,26.563306,694316_058,235.16506544023997,30.302299129598197,235.26564381840302,30.082905143526396
1003266,2018-04-21T16:38:21.146,234.98850099999999,30.499259999999996,236.693269,26.563306,694325_058,235.795553024231,28.8822130144833,235.971074780668,28.4831191970303
1003266,2018-04-21T16:38:21.146,234.98850099999999,30.499259999999996,236.693269,26.563306,694325_059,235.667444435369,29.1714480376503,235.788765143782,28.905267853351802
1003266,2018-04-21T16:38:21.146,234.98850099999999,30.499259999999996,236.693269,26.563306,694334_059,236.38208579632098,27.521495275924398,236.45774735804798,27.351705187384
1003266,2018-04-21T16:38:21.146,234.98850099999999,30.499259999999996,236.693269,26.563306,694344_058,236.642319556806,26.911924772724298,236.703126731879,26.7659861539883
1003267,2018-04-21T16:39:08.230,232.725832,27.809776,234.617216,27.506696999999996,694412_027,233.02649236845102,27.7911649454463,233.369356217018,27.737859040115104
1003315,2018-04-21T17:04:25.094,232.50224599999999,30.8162,236.02652400000002,28.546955999999998,696715_065,234.48716353987098,29.6451030914023,234.93616264619598,29.349022925068603
1003317,2018-04-21T17:04:49.449,232.34979900000002,26.972198,234.812597,25.822957000000002,696721_115,233.189223516078,26.7063325290408,233.507061101953,26.569180586082503
1003318,2018-04-21T17:05:11.295,232.60289500000002,28.402153000000002,233.766614,26.579759999999997,696812_032,233.07577231866298,27.842938381325396,233.472581072344,27.243140762294804
1003322,2018-04-21T17:06:30.371,232.27145099999998,29.140615999999998,233.83047799999997,26.363113000000002,696912_065,233.24145788346698,27.6162362215203,233.44612088137995,27.241375401230396
1003331,2018-04-21T17:10:44.370,231.759824,31.098714,236.06990699999997,29.684633,697316_044,235.486345817015,29.900738749345397,235.69365096106898,29.825700779207896
1003341,2018-04-21T17:14:42.152,231.57830099999998,30.454841,235.820837,27.338069,697714_016,235.113900429795,28.031617036178304,235.30019417121497,27.8906700815028
1003349,2018-04-21T17:19:47.322,231.14976099999998,30.08662,235.017552,28.282952,698114_099,234.325367945454,28.7033069734089,235.000548465183,28.3777885898034
1003357,2018-04-21T17:22:09.070,231.374535,29.036972,235.722152,27.758309000000004,698414_005,235.294460451259,27.9034585435146,235.470711711645,27.849188649443303
1003367,2018-04-21T17:25:12.273,234.324304,26.762334000000003,234.92084100000002,26.242402000000002,698622_095,234.50996897589297,26.7032891170163,234.538608009349,26.6803429308436
1003389,2018-04-21T17:34:55.485,232.829873,27.039283,233.379407,25.527491,699511_105,233.01531315878898,26.5966480595635,233.081049461203,26.422113418039302
1003394,2018-04-21T17:35:31.503,233.665546,28.290177000000003,233.702133,25.760932999999998,699611_052,233.791928804828,26.3262369056914,233.802658691117,26.0081220178971
1003395,2018-04-21T17:35:50.510,232.983092,28.614307,233.249166,26.060201,699611_090,233.238561978316,26.431871754148897,233.25520481100202,26.277489384706996
1003409,2018-04-21T17:39:20.960,232.850592,30.233932,235.06747799999997,28.220931,699914_107,234.54716035359502,28.7986693359888,235.012457416307,28.385511248359602
1003422,2018-04-21T17:44:18.393,233.087978,30.126040999999997,234.40038700000002,26.714610999999998,700413_048,233.965410320622,28.0956794429692,234.064437719748,27.836772793968102
1003422,2018-04-21T17:44:18.393,233.087978,30.126040999999997,234.40038700000002,26.714610999999998,700413_049,233.820017603935,28.4510195721029,233.95900097820598,28.109485670177
1003428,2018-04-21T17:46:58.599,234.030578,26.866304,234.126907,25.404592,700621_117,234.062615732558,26.0160080976224,234.095524406329,25.6309370241357
1003437,2018-04-21T17:48:31.921,232.914868,28.636146999999998,234.194454,26.171160999999998,700812_052,233.835422637934,27.0347480231577,233.929616211139,26.8502027789105
1003439,2018-04-21T17:48:49.805,234.171407,29.663967,234.791052,26.930691999999997,700813_088,234.672529476631,27.630032914634,234.756313509225,27.236742499491402
1003443,2018-04-21T17:49:49.468,231.91915899999998,28.246344,232.63128199999997,25.944124,700911_057,232.25718527917198,27.3985993745634,232.404245427939,26.9603381401422
1003470,2018-04-21T17:56:45.917,232.515106,30.662896999999997,234.766522,28.680838,701514_110,234.386640831021,29.086981765489302,234.670534709006,28.8319470811339
1003473,2018-04-21T17:58:00.195,231.787821,29.388765000000003,234.89688399999997,27.390990000000002,701713_006,233.90716084303298,28.101344039973103,234.08887061032001,27.983480961729803
1003485,2018-04-21T18:02:36.583,231.383155,30.34177,235.55182799999997,28.254454,702114_030,233.997867009283,29.158626404598603,234.654817675283,28.8128292878658
1003492,2018-04-21T18:04:10.667,233.68009700000002,28.858743,234.51457799999997,27.4462,702213_093,234.034046474874,28.2795164536707,234.175914278845,28.051366585134396
1003510,2018-04-21T18:09:45.646,231.47864199999998,29.776390000000003,235.23790400000001,27.935874,702724_108,234.914989772425,28.1836393492334,235.22309593297797,28.0214938955018
1003544,2018-04-21T18:17:46.154,233.694438,27.521865999999996,234.477068,25.139231,703512_039,233.842451974007,27.357677179808,233.877903822635,27.255287842936
1003544,2018-04-21T18:17:46.154,233.694438,27.521865999999996,234.477068,25.139231,703522_039,234.03872336793998,26.779123138701,234.055538533656,26.724347902097
1003544,2018-04-21T18:17:46.154,233.694438,27.521865999999996,234.477068,25.139231,703531_039,234.44385121559299,25.5596531619156,234.54452723707902,25.243196156872898
1003559,2018-04-21T18:22:09.703,232.857135,29.356555,234.61717599999997,27.41362,703913_028,233.705537362932,28.533470840317896,234.042042125741,28.171744705964798
1003561,2018-04-21T18:22:27.653,231.363594,30.821505,235.73732,30.236386,703916_064,235.32041113683,30.3394558937345,235.480390648497,30.315099644466702
1003586,2018-04-21T18:28:39.510,230.34761,28.951046999999996,232.8667,26.477866,704511_027,232.150027691087,27.2766354257077,232.642357392129,26.7742647308467
1003591,2018-04-21T18:29:22.076,232.059681,30.162558,234.508117,28.705651,704514_112,233.936463766681,29.097193696841604,234.34473926217004,28.8429952375601
1003584,2018-04-21T18:28:27.744,231.850545,30.472376,235.35789599999998,27.860573,704524_004,234.863383514922,28.319042207209996,235.268401574557,28.006319580778605
1003593,2018-04-21T18:29:52.315,232.556311,29.412039,233.291118,26.075131,704612_047,233.021189692875,27.7787430386035,233.08770681383098,27.4632818458941
1003593,2018-04-21T18:29:52.315,232.556311,29.412039,233.291118,26.075131,704621_047,233.31037197509102,26.4271424840842,233.361247009067,26.188124475848603
1003598,2018-04-21T18:30:52.478,231.99353,30.031361999999998,235.136667,28.505282,704714_042,234.480830600774,28.849008345873102,234.98865378708803,28.594422950537
1003629,2018-04-21T18:36:37.007,233.8716,32.271161,234.306863,27.629466999999998,705214_076,234.25937585178798,28.699512397821003,234.262123788054,28.678284918174
1003629,2018-04-21T18:36:37.007,233.8716,32.271161,234.306863,27.629466999999998,705214_077,234.233317919311,28.999114651690302,234.257143992783,28.7032128124086
1003629,2018-04-21T18:36:37.007,233.8716,32.271161,234.306863,27.629466999999998,705214_078,234.234332953626,28.999657700374197,234.272897349958,28.6788916142741
1003631,2018-04-21T18:37:07.349,233.710973,26.781457,234.035842,25.223625,705321_012,233.99063144942502,26.159830621802,234.026593020982,25.976676966068002
1003660,2018-04-21T18:41:53.079,232.47919199999998,31.267528999999996,235.12776200000002,29.126336,705715_054,234.567632851046,29.6586442521829,235.08279260436402,29.230532939001304
1003665,2018-04-21T18:43:00.942,231.68544300000002,29.768983000000002,234.091068,26.367646,705812_064,233.13410790005798,27.893525446947198,233.493703608842,27.382747484628897
1003667,2018-04-21T18:43:04.945,231.909177,29.620086999999998,234.325042,27.728614,705813_072,233.52604117284199,28.2873760563477,234.07206082206298,27.894483171763397
1003678,2018-04-21T18:46:00.404,233.747621,29.663379,237.669278,28.367839,706115_046,235.55533138729498,29.112575701480104,235.802758386734,29.026515326732202
1003678,2018-04-21T18:46:00.404,233.747621,29.663379,237.669278,28.367839,706126_045,237.119819218046,28.5656477783071,237.529628642433,28.4205078326955
1003689,2018-04-21T18:49:40.249,231.52899399999998,30.25283,235.399979,28.337898,706414_086,234.225043738919,28.996622908530103,234.88473762177998,28.654030064703303
1003695,2018-04-21T18:51:27.084,233.41264700000002,30.56281,236.02519500000002,28.784195,706615_047,235.347504094039,29.3066079472127,235.937967825547,28.893809672946603
1003709,2018-04-21T18:56:03.001,231.881775,30.945531,235.33146299999999,28.047194,707014_071,234.293572846242,29.0576774227136,234.84316778160098,28.606394997176
1003719,2018-04-21T18:57:24.031,233.05289900000002,29.292432,233.534834,25.979947,707112_107,233.287292912327,27.6538439977178,233.31878272437402,27.424381965040304
1003719,2018-04-21T18:57:24.031,233.05289900000002,29.292432,233.534834,25.979947,707121_107,233.492562403126,26.220274848741997,233.51345452412102,26.081203812
1003724,2018-04-21T18:58:29.385,232.643138,27.930622999999997,234.66563599999998,25.982174,707212_111,233.36697225681,27.339165030541302,233.872534837382,26.8518500448631
1003728,2018-04-21T18:59:04.242,232.52879700000003,26.012659,233.817527,26.508664000000003,707311_055,233.264996084196,26.2566849114095,233.52782162275398,26.366264192931105
